{
  "duration_seconds": 2.1272783279418945,
  "breakdown": {
    "merci-optimizer.py": 0.03150033950805664,
    "merci-styles.py": 0.048065900802612305,
    "merci-publish.py": 0.020174026489257812,
    "merci-wp.py": 0.032990217208862305,
    "merci-sync-pages.py": 0.01563096046447754,
    "merci-extract-metrics.py": 0.014983415603637695,
    "merci-telemetry.py": 0.030186176300048828,
    "merci-brain.py": 0.03311419486999512,
    "merci-glosario.py": 0.031859397888183594,
    "merci-sitemap.py": 0.01560831069946289,
    "merci-drift.py": 0.016305923461914062,
    "merci-audit.py": 0.18707036972045898,
    "merci-hardening.py": 0.015342950820922852,
    "merci-linkcheck.py": 1.6335432529449463
  }
}